,ZS,SB,DAX,MGC,D,ZF
ZS,1.0,0.2570234559995091,0.09408970252543865,0.15502694650604415,-0.050002782721351884,-0.1334735782902647
SB,0.2570234559995091,1.0,-0.010859398027438348,0.14385784470108565,0.08402440091365372,-0.0770804366677126
DAX,0.09408970252543865,-0.010859398027438348,1.0,0.21658239729524673,0.06226149977084874,-0.0360887664622449
MGC,0.15502694650604415,0.14385784470108565,0.21658239729524673,1.0,0.13043806510023642,-0.08481573480996862
D,-0.050002782721351884,0.08402440091365372,0.06226149977084874,0.13043806510023642,1.0,-0.016415349701068446
ZF,-0.1334735782902647,-0.0770804366677126,-0.0360887664622449,-0.08481573480996862,-0.016415349701068446,1.0
