,CL,ZS,ZM,SB,MGC,D,ZF
CL,1.0,0.22774523889387918,-0.1073747554379751,0.09021667200558339,0.26709789001393214,-0.17752749109940177,-0.018307766145677036
ZS,0.22774523889387918,1.0,0.6413549260143985,0.15041957535417574,0.18135556257203025,-0.09094884000272561,-0.016875197689674916
ZM,-0.1073747554379751,0.6413549260143985,1.0,0.035403188476676804,0.13664908606344084,0.11366772129416325,-0.076527692426448
SB,0.09021667200558339,0.15041957535417574,0.035403188476676804,1.0,0.09886773909154749,0.08404153348071834,-0.1432960804845288
MGC,0.26709789001393214,0.18135556257203025,0.13664908606344084,0.09886773909154749,1.0,0.11527242259581866,-0.0645157541416471
D,-0.17752749109940177,-0.09094884000272561,0.11366772129416325,0.08404153348071834,0.11527242259581866,1.0,0.032807478479699156
ZF,-0.018307766145677036,-0.016875197689674916,-0.076527692426448,-0.1432960804845288,-0.0645157541416471,0.032807478479699156,1.0
