,CL,ZS,ZM,SB,DAX,MGC,D,ZF
CL,1.0,0.1357118723557425,-0.09613653976093757,0.05743878978710889,-0.06724406650131384,0.31879187181569085,-0.1398186419883639,-0.07694767759168382
ZS,0.1357118723557425,1.0,0.682383696431207,0.19450446224038737,0.019722372527036253,0.15258770613376077,-0.07691301750493433,-0.13193247641952582
ZM,-0.09613653976093757,0.682383696431207,1.0,0.06758303138971729,0.0715966923875577,0.10634698025851244,0.08334353241704914,-0.16610443353430263
SB,0.05743878978710889,0.19450446224038737,0.06758303138971729,1.0,-0.07593380101739858,0.13280842448396124,0.07172151527020051,-0.07384549061025442
DAX,-0.06724406650131384,0.019722372527036253,0.0715966923875577,-0.07593380101739858,1.0,0.18306409942076296,0.06078233328942616,-0.028632755490505864
MGC,0.31879187181569085,0.15258770613376077,0.10634698025851244,0.13280842448396124,0.18306409942076296,1.0,0.1591823423947543,-0.0795384879522227
D,-0.1398186419883639,-0.07691301750493433,0.08334353241704914,0.07172151527020051,0.06078233328942616,0.1591823423947543,1.0,-0.01749869481930225
ZF,-0.07694767759168382,-0.13193247641952582,-0.16610443353430263,-0.07384549061025442,-0.028632755490505864,-0.0795384879522227,-0.01749869481930225,1.0
