,CL,ZS,ZM,SB,DAX,MGC,D,ZF
CL,1.0,0.09422692471713134,-0.1196258971591668,0.024843065021781043,-0.0631843175613718,0.32957235811724084,-0.150720161554164,-0.07454612256789785
ZS,0.09422692471713134,1.0,0.6708642864849356,0.21414091755144984,0.04628634551786515,0.13058582156674917,-0.06307218891645272,-0.12935050963102343
ZM,-0.1196258971591668,0.6708642864849356,1.0,0.0644247194958815,0.08666089171226617,0.09376051720161095,0.08830186152782242,-0.16766298558301268
SB,0.024843065021781043,0.21414091755144984,0.0644247194958815,1.0,-0.050155162337266655,0.11532413276832164,0.08014447465954727,-0.07414629033162404
DAX,-0.0631843175613718,0.04628634551786515,0.08666089171226617,-0.050155162337266655,1.0,0.18592930373325184,0.06433615229452472,-0.027038352829694533
MGC,0.32957235811724084,0.13058582156674917,0.09376051720161095,0.11532413276832164,0.18592930373325184,1.0,0.1517457551998371,-0.07937065117818932
D,-0.150720161554164,-0.06307218891645272,0.08830186152782242,0.08014447465954727,0.06433615229452472,0.1517457551998371,1.0,-0.01756134193252193
ZF,-0.07454612256789785,-0.12935050963102343,-0.16766298558301268,-0.07414629033162404,-0.027038352829694533,-0.07937065117818932,-0.01756134193252193,1.0
