,CHF,SB
CHF,1.0,0.019857688632570144
SB,0.019857688632570144,1.0
