,ZS,SB,ESTX50,DAX,ZF
ZS,1.0,0.26023706690745585,0.16342410266008567,0.18150272626870387,-0.13970749051463405
SB,0.26023706690745585,1.0,0.08719860536106404,0.012772299943997388,-0.08192620366043762
ESTX50,0.16342410266008567,0.08719860536106404,1.0,0.49382090789991284,0.06530752661177695
DAX,0.18150272626870387,0.012772299943997388,0.49382090789991284,1.0,-0.048891530441819334
ZF,-0.13970749051463405,-0.08192620366043762,0.06530752661177695,-0.048891530441819334,1.0
