,ZS,ZM,ZL,SB,FLKTB
ZS,1.0,0.6303593876447753,0.6175373613975711,0.1707005053619458,-0.20710117453607907
ZM,0.6303593876447753,1.0,-0.11100430468842168,0.025557177319850716,-0.07758163248121244
ZL,0.6175373613975711,-0.11100430468842168,1.0,0.16082404836656167,-0.21167677559298978
SB,0.1707005053619458,0.025557177319850716,0.16082404836656167,1.0,0.017221180028777216
FLKTB,-0.20710117453607907,-0.07758163248121244,-0.21167677559298978,0.017221180028777216,1.0
