,CL,ZS,ZM,SB,MGC,D,ZF
CL,1.0,0.23650728161315385,-0.10561995717415941,0.09205325299525798,0.26782944102061285,-0.17900729829132705,-0.01745895705563654
ZS,0.23650728161315385,1.0,0.6440512660227247,0.1508893769282665,0.17842701850969098,-0.08997658947954265,-0.019571748072753876
ZM,-0.10561995717415941,0.6440512660227247,1.0,0.03611850182370433,0.13543357566694947,0.1135624663207846,-0.07707328729174001
SB,0.09205325299525798,0.1508893769282665,0.03611850182370433,1.0,0.09774147815007643,0.08400588350739183,-0.14383499852937437
MGC,0.26782944102061285,0.17842701850969098,0.13543357566694947,0.09774147815007643,1.0,0.11592564882945562,-0.0647829582720066
D,-0.17900729829132705,-0.08997658947954265,0.1135624663207846,0.08400588350739183,0.11592564882945562,1.0,0.03325821518017487
ZF,-0.01745895705563654,-0.019571748072753876,-0.07707328729174001,-0.14383499852937437,-0.0647829582720066,0.03325821518017487,1.0
