,CHF,ZS,ZM,ZL,SB,MES
CHF,1.0,0.07859204590728813,0.16222350706607366,-0.014555429628561125,0.02368171634411615,-0.2281733303945705
ZS,0.07859204590728813,1.0,0.6790947451410596,0.6157486788963096,0.16091324285300734,-0.001704849969740629
ZM,0.16222350706607366,0.6790947451410596,1.0,-0.05791806479936808,0.021036762800818096,-0.019899531340573037
ZL,-0.014555429628561125,0.6157486788963096,-0.05791806479936808,1.0,0.20491859268014645,-0.01249750451329298
SB,0.02368171634411615,0.16091324285300734,0.021036762800818096,0.20491859268014645,1.0,-0.05455179191886896
MES,-0.2281733303945705,-0.001704849969740629,-0.019899531340573037,-0.01249750451329298,-0.05455179191886896,1.0
