,CL,ZS,ZM,ZL,SB,NZD,GBS,MBT,FLKTB
CL,1.0,0.3850404261900724,-0.00403119431487225,0.36817059719828693,0.012448167685817016,0.19736330708725694,-0.430706462909862,0.34601532671028806,-0.08278104565295732
ZS,0.3850404261900724,1.0,0.6107487066356084,0.6482562602892002,0.19767756466400274,0.2822805628258216,-0.1882294664027092,0.18291609788606775,-0.1649939827838474
ZM,-0.00403119431487225,0.6107487066356084,1.0,-0.05352422928242397,0.07559170842680348,0.14580937662116095,-0.017140201895383216,-0.029645452022349215,0.04477273377206064
ZL,0.36817059719828693,0.6482562602892002,-0.05352422928242397,1.0,0.1359877509128595,0.06240067763505226,-0.1817178719803988,0.18304555969408168,-0.24337062028567094
SB,0.012448167685817016,0.19767756466400274,0.07559170842680348,0.1359877509128595,1.0,0.13310729114034203,0.0238490683116119,-0.1936997835269066,-0.02231724729372364
NZD,0.19736330708725694,0.2822805628258216,0.14580937662116095,0.06240067763505226,0.13310729114034203,1.0,-0.18421702576079463,0.23793042091795608,0.006130155669438262
GBS,-0.430706462909862,-0.1882294664027092,-0.017140201895383216,-0.1817178719803988,0.0238490683116119,-0.18421702576079463,1.0,-0.3748964061913194,0.0587781177789794
MBT,0.34601532671028806,0.18291609788606775,-0.029645452022349215,0.18304555969408168,-0.1936997835269066,0.23793042091795608,-0.3748964061913194,1.0,-0.06596970073843654
FLKTB,-0.08278104565295732,-0.1649939827838474,0.04477273377206064,-0.24337062028567094,-0.02231724729372364,0.006130155669438262,0.0587781177789794,-0.06596970073843654,1.0
