,BABA,EUR,ZS,KC,CT,MGC,CC,GF,MBT
BABA,1.0,-0.22721136676195208,0.008134154957847929,0.115931299744986,0.18488901744818576,-0.17046279415216098,0.07558027114616846,0.17700770990773007,0.3597309280621918
EUR,-0.22721136676195208,1.0,0.14038278341223576,0.0589759241048555,-0.04844662151189973,0.3192107225761161,0.04676313959804457,-0.08302295926824128,-0.17311781030263568
ZS,0.008134154957847929,0.14038278341223576,1.0,0.13682180781360917,0.10974984270707397,0.05098557358354279,0.021174994380246344,0.14525188933963495,0.12490122323602984
KC,0.115931299744986,0.0589759241048555,0.13682180781360917,1.0,0.1361549288152114,0.1450123451737428,0.08841346699946227,0.01815420799731347,-0.04391283311363612
CT,0.18488901744818576,-0.04844662151189973,0.10974984270707397,0.1361549288152114,1.0,0.08214310337998093,0.1044427747267711,-0.018307656797541625,0.07775092961386067
MGC,-0.17046279415216098,0.3192107225761161,0.05098557358354279,0.1450123451737428,0.08214310337998093,1.0,0.08182328052358166,-0.017083773666157598,-0.00011960220094426906
CC,0.07558027114616846,0.04676313959804457,0.021174994380246344,0.08841346699946227,0.1044427747267711,0.08182328052358166,1.0,-0.16172136520689778,0.15648803993240065
GF,0.17700770990773007,-0.08302295926824128,0.14525188933963495,0.01815420799731347,-0.018307656797541625,-0.017083773666157598,-0.16172136520689778,1.0,0.21102300966522533
MBT,0.3597309280621918,-0.17311781030263568,0.12490122323602984,-0.04391283311363612,0.07775092961386067,-0.00011960220094426906,0.15648803993240065,0.21102300966522533,1.0
